,open,close,high,low
2023-04-14,626.0,636.75,637.5,623.0
2023-04-13,656.0,652.25,661.75,651.5
2023-04-12,651.0,656.0,658.5,648.75
2023-04-11,653.5,651.0,657.75,646.75
2023-04-10,644.5,654.0,655.0,640.25
2023-04-09,644.5,643.25,620.75,643.0
2023-04-06,652.25,643.5,652.5,641.75
2023-04-05,653.75,652.75,660.0,646.5
2023-04-04,657.0,653.75,657.5,648.5
2023-04-03,659.5,657.75,668.5,656.0
2023-04-02,659.5,663.25,664.25,659.25
2023-03-31,648.75,660.5,664.5,647.25
2023-03-30,649.75,649.5,654.75,648.0
2023-03-29,646.25,650.5,655.5,645.75
2023-03-28,646.75,647.25,651.25,644.5
2023-03-27,643.0,648.25,648.75,637.0
2023-03-26,643.0,642.75,644.0,641.25
2023-03-24,631.0,643.0,645.0,627.5
2023-03-23,633.0,631.75,644.0,627.25
2023-03-22,631.25,633.5,636.0,623.25
2023-03-21,632.75,630.0,638.25,628.75
2023-03-20,633.0,633.0,634.0,625.0
2023-03-19,633.0,628.25,633.5,628.0
2023-03-17,633.25,634.25,638.75,630.25
2023-03-16,626.0,632.75,635.0,624.75
2023-03-15,623.75,626.5,629.0,619.25
2023-03-14,624.0,627.5,627.5,624.0
2023-03-13,622.25,624.5,629.0,622.25
2023-03-12,619.0,619.75,620.0,618.25
2023-03-10,620.0,624.25,626.75,618.5
2023-03-09,633.75,618.5,637.25,618.25
2023-03-08,644.0,634.5,646.0,634.0
2023-03-07,644.25,642.0,646.75,639.75
2023-03-06,645.25,644.5,646.75,641.25
2023-03-03,639.75,645.25,648.25,638.25
2023-03-02,641.0,637.75,647.25,636.0
2023-03-01,630.0,640.5,641.5,623.5
2023-02-28,642.0,629.5,644.75,629.25
2023-02-27,650.75,642.75,654.0,642.25
2023-02-24,660.5,650.0,662.5,649.75
2023-02-23,674.5,660.25,676.25,658.5
2023-02-22,680.0,674.0,681.5,673.75
2023-02-21,678.5,680.5,683.0,675.5
2023-02-17,676.0,677.75,679.0,675.0
2023-02-16,676.5,676.0,677.25,673.25
2023-02-15,682.0,676.25,682.5,675.5
2023-02-14,684.0,682.25,688.25,681.75
2023-02-13,680.0,685.0,686.5,676.75
2023-02-10,670.75,680.5,682.75,669.25
2023-02-09,678.25,670.75,681.0,670.25
2023-02-08,673.75,678.5,679.5,672.75
2023-02-07,677.0,674.0,678.5,673.5
2023-02-06,677.25,679.0,679.25,672.25
2023-02-03,674.25,677.5,680.0,671.5
2023-02-02,681.0,675.25,686.0,674.25
2023-02-01,679.25,681.0,682.0,672.75
2023-01-31,683.5,679.75,688.5,678.0
2023-01-30,685.0,683.75,687.25,678.5
2023-01-27,681.75,683.0,686.0,678.25
2023-01-26,674.0,682.5,685.5,673.0
2023-01-25,676.75,674.75,681.0,673.75
2023-01-24,667.0,677.0,677.5,666.25
2023-01-23,674.0,666.25,674.75,661.25
2023-01-20,675.5,676.25,678.0,672.5
2023-01-19,680.0,677.25,685.25,676.0
2023-01-18,684.25,681.25,688.75,678.0
2023-01-17,671.5,685.25,687.0,668.75
2023-01-13,670.75,675.0,676.75,669.75
2023-01-12,656.0,671.0,673.5,649.25
2023-01-11,654.5,656.0,659.0,652.75
2023-01-10,651.75,655.0,664.0,648.25
2023-01-09,655.5,652.75,657.0,650.75
2023-01-06,653.75,654.0,659.5,651.75
2023-01-05,654.5,652.75,657.75,648.5
2023-01-04,670.75,653.75,671.75,652.5
2023-01-03,677.25,670.5,681.25,668.0
2022-12-30,679.5,678.5,685.0,676.5
2022-12-29,681.75,679.5,682.25,677.25
2022-12-28,673.25,682.75,683.5,672.75
2022-12-27,669.0,674.75,675.75,667.25
2022-12-23,659.5,666.25,667.75,659.25
2022-12-22,662.0,660.5,664.75,658.75
2022-12-21,651.5,662.25,663.0,651.0
2022-12-20,647.75,652.0,654.25,646.75
2022-12-19,650.5,647.25,650.75,644.0
2022-12-16,653.5,653.0,655.75,650.0
2022-12-15,650.25,653.5,654.25,647.75
2022-12-14,644.25,639.0,644.25,639.0
2022-12-13,642.5,643.75,650.5,639.25
2022-12-12,634.5,641.25,644.5,634.5
2022-12-09,631.5,634.75,639.75,631.5
2022-12-08,628.0,632.0,632.5,626.0
2022-12-07,626.5,627.75,632.5,624.0
2022-12-06,630.75,625.5,635.5,623.0
2022-12-05,635.5,628.75,638.25,625.5
2022-12-02,650.25,635.0,650.25,629.0
2022-12-01,661.75,650.0,663.75,647.0
2022-11-30,665.75,662.0,667.0,660.0
2022-11-29,667.5,665.75,671.25,665.25
2022-11-28,665.0,668.75,670.0,661.0
2022-11-25,661.25,668.0,669.75,661.0
2022-11-23,657.75,663.25,663.75,655.75
2022-11-22,659.5,656.75,663.0,656.25
2022-11-21,666.5,659.5,666.75,657.25
2022-11-18,667.5,667.75,672.75,665.25
2022-11-17,665.0,667.5,668.25,654.75
2022-11-16,665.25,665.25,666.0,657.5
2022-11-15,657.0,666.75,675.0,651.25
2022-11-14,657.0,657.25,662.0,652.25
2022-11-11,653.75,658.0,661.0,653.5
2022-11-10,664.5,653.25,667.25,652.75
2022-11-09,667.0,664.5,671.75,658.0
2022-11-08,675.75,667.5,677.0,666.25
2022-11-07,679.0,675.75,680.75,675.25
2022-11-04,679.25,681.0,685.25,678.5
2022-11-03,686.0,679.25,686.5,678.5
2022-11-02,696.5,687.5,697.25,680.0
2022-11-01,689.0,697.75,698.5,687.25
2022-10-31,696.5,691.5,700.0,684.25
2022-10-28,681.25,680.75,683.75,676.25
2022-10-27,685.0,682.25,689.25,679.25
2022-10-26,684.25,685.0,689.75,683.25
2022-10-25,681.5,686.25,687.5,677.75
2022-10-24,682.25,681.5,686.5,677.25
2022-10-21,683.5,684.25,688.0,677.75
2022-10-20,678.0,684.0,687.0,676.75
2022-10-19,681.0,678.25,684.5,674.0
2022-10-18,683.0,681.0,683.75,674.5
2022-10-17,689.0,683.5,692.25,681.25
2022-10-14,697.0,689.75,699.5,688.5
2022-10-13,692.25,697.75,699.5,684.0
2022-10-12,693.25,693.0,700.0,680.0
2022-10-11,697.0,693.0,702.0,690.75
2022-10-10,683.75,698.25,706.5,683.5
2022-10-07,675.5,683.25,684.5,671.5
2022-10-06,683.75,675.5,685.75,672.0
2022-10-05,683.0,684.0,687.5,675.75
2022-10-04,680.75,683.0,691.5,676.5
2022-10-03,680.0,680.75,687.5,672.5
2022-09-30,669.5,677.5,696.25,669.25
2022-09-29,670.5,669.5,676.75,666.0
2022-09-28,668.25,670.5,673.25,661.5
2022-09-27,666.25,667.5,678.0,666.25
2022-09-26,673.25,666.25,679.0,665.5
2022-09-23,687.0,676.75,688.0,669.5
2022-09-22,683.5,688.25,691.0,681.5
2022-09-21,692.0,685.5,698.5,679.25
2022-09-20,677.75,692.0,693.5,677.5
2022-09-19,675.75,678.25,680.0,668.25
2022-09-16,676.25,677.25,680.5,667.5
2022-09-15,681.75,677.5,690.0,676.25
2022-09-14,709.0,709.0,709.0,709.0
2022-09-13,721.25,709.0,725.0,709.0
2022-09-12,690.25,712.25,721.5,689.0
2022-09-09,678.75,698.5,700.5,678.75
2022-09-08,676.75,674.5,679.5,666.5
2022-09-07,678.5,676.75,690.0,675.25
2022-09-06,670.75,680.75,682.0,667.5
2022-09-02,657.0,669.0,671.0,656.75
2022-09-01,671.0,658.25,673.75,655.0
2022-08-31,680.75,673.75,683.0,664.25
2022-08-30,681.25,679.75,682.75,671.25
2022-08-29,675.0,683.75,684.25,668.5
2022-08-26,657.0,668.75,671.0,654.75
2022-08-25,665.0,657.5,674.25,656.75
2022-08-24,659.75,665.75,675.5,655.75
2022-08-23,637.0,660.0,666.75,635.75
2022-08-22,622.75,633.5,635.25,618.0
2022-08-19,619.0,626.0,627.75,616.0
2022-08-18,615.0,619.75,624.0,608.25
2022-08-17,611.0,615.0,618.5,608.0
2022-08-16,624.0,611.0,628.25,608.0
2022-08-15,630.5,626.75,635.25,616.5
2022-08-12,629.25,639.75,640.5,616.0
2022-08-11,621.0,629.25,630.75,618.75
2022-08-10,615.0,621.25,632.5,613.0
2022-08-09,614.5,615.5,626.0,613.5
2022-08-08,603.0,608.5,616.0,601.75
2022-08-05,602.0,610.25,614.0,597.0
2022-08-04,591.5,602.25,607.0,585.75
2022-08-03,587.0,591.5,597.0,583.0
2022-08-02,604.0,591.25,605.25,589.25
2022-08-01,619.75,607.0,621.5,594.25
2022-07-29,615.0,616.25,632.0,611.5
2022-07-28,603.75,615.0,618.0,601.25
2022-07-27,597.0,600.25,604.25,591.75
2022-07-26,587.75,597.0,599.75,586.25
2022-07-25,574.25,580.0,580.75,566.25
2022-07-22,575.0,564.25,582.75,561.5
2022-07-21,592.75,575.75,593.5,572.75
2022-07-20,595.5,592.25,600.5,589.0
2022-07-19,610.5,596.75,611.0,585.75
2022-07-18,610.75,612.25,623.5,601.5
2022-07-15,606.75,604.25,612.0,596.0
2022-07-14,738.25,695.0,746.5,694.0
2022-07-13,726.0,740.0,756.5,725.0
2022-07-12,781.0,732.75,785.25,732.0
2022-07-11,783.25,781.25,800.0,780.75
2022-07-08,750.75,778.25,781.0,744.0
2022-07-07,749.5,747.0,763.5,740.0
2022-07-06,746.0,744.25,761.0,726.0
2022-07-05,750.25,736.0,765.0,726.0
2022-07-01,748.0,754.5,760.0,743.75
2022-06-30,770.0,743.75,775.25,742.25
2022-06-29,758.25,770.25,780.0,755.5
2022-06-28,747.5,759.5,762.75,744.25
2022-06-27,740.0,744.25,746.25,731.0
2022-06-24,745.0,750.25,762.25,735.0
2022-06-23,767.25,746.75,767.25,734.5
2022-06-22,762.0,768.0,770.5,754.5
2022-06-21,777.5,760.75,778.25,752.25
2022-06-17,787.5,784.5,800.0,782.25
2022-06-16,774.0,788.25,792.0,773.0
2022-06-15,767.0,774.0,779.75,762.0
2022-06-14,765.75,768.25,771.0,759.0
2022-06-13,781.0,769.25,782.25,758.5
2022-06-10,772.25,773.25,781.0,765.75
2022-06-09,764.5,773.0,782.75,758.0
2022-06-08,757.0,764.5,774.0,756.0
2022-06-07,739.0,757.0,765.0,735.0
2022-06-06,732.25,742.5,744.25,731.5
2022-06-03,730.25,727.0,736.0,725.75
2022-06-02,731.25,730.25,739.25,726.25
2022-06-01,753.75,731.25,756.25,720.5
2022-05-31,777.0,753.5,777.25,747.25
2022-05-27,765.0,777.25,780.5,761.0
2022-05-26,762.75,765.0,772.5,757.5
2022-05-25,770.0,772.25,773.0,755.0
2022-05-24,785.0,771.75,787.0,762.0
2022-05-23,780.25,786.25,788.0,774.5
2022-05-20,781.25,778.75,782.0,774.5
2022-05-19,782.0,783.25,789.75,773.25
2022-05-18,800.75,781.5,802.25,778.0
2022-05-17,808.0,800.75,809.25,797.25
2022-05-16,795.0,809.5,810.25,792.75
2022-05-13,808.0,794.5,808.0,794.5
2022-05-12,802.5,813.5,814.0,798.75
2022-05-11,788.0,802.25,802.75,788.0
2022-05-10,787.5,786.5,790.75,782.5
2022-05-09,792.25,784.5,792.25,782.0
2022-05-06,800.0,792.25,800.0,784.25
2022-05-05,799.75,803.75,804.75,796.0
2022-05-04,801.0,798.5,808.75,796.0
2022-05-03,817.5,800.75,822.0,799.75
2022-05-02,811.5,813.0,814.0,798.0
2022-04-29,816.25,818.25,827.0,814.0
2022-04-28,816.25,816.0,823.5,811.0
2022-04-27,802.75,815.5,820.25,797.5
2022-04-26,800.25,803.25,812.25,795.0
2022-04-25,796.75,800.25,802.0,784.75
2022-04-22,798.75,793.0,807.5,783.5
2022-04-21,814.0,799.25,814.25,797.5
2022-04-20,803.5,815.75,816.5,796.75
2022-04-19,813.25,804.0,819.75,799.75
2022-04-18,791.0,813.25,816.75,790.25
2022-04-14,783.5,790.25,793.0,781.0
2022-04-13,775.0,783.5,786.25,767.25
2022-04-12,765.5,776.25,779.0,765.0
2022-04-11,767.0,764.5,778.0,762.0
2022-04-08,757.0,768.75,773.0,752.75
2022-04-07,755.75,757.75,759.25,748.5
2022-04-06,759.75,756.5,761.5,750.25
2022-04-05,750.75,759.75,768.0,749.25
2022-04-04,737.0,750.5,752.25,734.75
2022-04-01,748.5,735.0,751.5,730.25
2022-03-31,739.25,748.75,770.0,732.5
2022-03-30,727.0,738.0,748.75,726.75
2022-03-29,746.25,726.25,747.5,713.5
2022-03-28,749.0,748.5,750.25,740.5
2022-03-25,748.5,754.0,755.25,742.5
2022-03-24,757.0,748.25,762.5,745.0
2022-03-23,752.25,757.75,770.5,749.0
2022-03-22,756.75,753.0,761.0,744.0
2022-03-21,746.5,756.25,765.0,743.0
2022-03-18,753.75,741.75,755.0,736.5
2022-03-17,730.0,754.5,757.5,728.5
2022-03-16,756.75,730.0,757.0,726.75
2022-03-15,745.25,758.0,759.0,736.0
2022-03-14,745.0,728.25,752.0,725.5
2022-03-11,758.0,764.5,768.5,755.0
2022-03-10,738.5,757.75,768.0,738.5
2022-03-09,756.25,735.0,757.25,734.0
2022-03-08,747.5,754.5,759.0,724.0
2022-03-07,782.75,749.25,782.75,742.75
2022-03-04,761.75,756.5,800.0,741.0
2022-03-03,745.0,751.25,778.5,745.0
2022-03-02,741.75,739.0,760.0,723.0
2022-03-01,699.75,739.75,744.25,699.75
2022-02-28,688.0,697.5,704.75,679.0
2022-02-25,696.75,659.5,707.0,657.0
2022-02-24,683.5,695.0,718.75,682.0
2022-02-23,674.0,683.75,685.0,669.25
2022-02-22,657.75,674.75,676.75,657.75
2022-02-18,648.5,654.25,658.0,647.0
2022-02-17,645.5,650.0,652.0,642.75
2022-02-16,637.75,647.0,647.75,636.25
2022-02-15,655.0,638.0,655.5,635.5
2022-02-14,651.25,655.75,656.75,642.5
2022-02-11,641.0,651.0,657.75,637.75
2022-02-10,646.0,641.75,662.75,638.75
2022-02-09,632.25,646.75,647.75,630.5
2022-02-08,636.5,632.25,636.75,627.25
2022-02-07,628.75,635.25,636.75,624.75
2022-02-04,618.5,620.5,623.25,613.25
2022-02-03,622.5,616.75,624.25,610.25
2022-02-02,634.5,622.5,640.75,616.75
2022-02-01,626.0,634.75,639.5,624.5
2022-01-31,635.75,626.0,642.5,622.5
2022-01-28,623.25,636.0,637.25,623.0
2022-01-27,625.0,625.25,627.75,621.25
2022-01-26,619.0,627.0,627.75,615.0
2022-01-25,620.0,620.0,631.0,618.5
2022-01-24,617.5,621.0,621.5,609.25
2022-01-21,607.5,616.25,618.5,604.25
2022-01-20,609.0,611.0,614.25,606.25
2022-01-19,600.0,610.5,614.5,600.0
2022-01-18,592.75,599.5,600.75,588.25
2022-01-14,587.5,596.25,598.25,585.25
2022-01-13,599.0,587.5,599.75,585.25
2022-01-12,601.0,599.0,604.0,591.0
2022-01-11,599.75,601.0,604.75,598.0
2022-01-10,605.25,599.75,608.0,596.25
2022-01-07,605.25,606.75,608.25,599.0
2022-01-06,601.25,603.75,605.75,596.0
2022-01-05,608.5,602.25,609.75,601.25
2022-01-04,591.75,609.5,611.25,591.5
2022-01-03,599.0,589.25,603.5,584.75
2021-12-31,595.75,593.25,599.25,592.5
2021-12-30,605.5,596.0,606.0,592.75
2021-12-29,604.0,605.5,610.75,599.5
2021-12-28,614.25,604.75,617.75,603.75
2021-12-27,608.25,614.75,615.5,607.0
2021-12-23,601.5,605.75,607.0,600.5
2021-12-22,597.5,602.5,606.75,597.0
2021-12-21,591.0,598.25,599.0,589.5
2021-12-20,595.0,591.0,595.75,587.0
2021-12-17,591.0,593.25,598.75,589.25
2021-12-16,587.5,591.25,592.0,584.5
2021-12-15,590.0,585.75,596.5,582.0
2021-12-14,583.25,588.75,591.0,576.75
2021-12-13,587.5,584.25,588.0,580.75
2021-12-10,588.5,588.5,592.0,585.0
2021-12-09,585.75,588.5,591.25,576.75
2021-12-08,585.0,584.75,589.0,584.0
2021-12-07,584.0,586.25,589.5,579.5
2021-12-06,586.0,583.5,586.0,578.0
2021-12-03,576.25,586.0,588.75,576.25
2021-12-02,571.25,577.0,583.0,570.0
2021-12-01,568.0,572.0,576.0,567.0
2021-11-30,581.0,567.0,582.0,562.0
2021-11-29,586.0,581.0,588.25,576.5
2021-11-26,571.5,586.75,588.0,566.75
2021-11-24,580.25,579.75,589.0,575.5
2021-11-23,576.25,580.5,581.0,572.5
2021-11-22,570.5,576.75,579.0,569.75
2021-11-19,573.0,570.75,576.0,568.0
2021-11-18,575.0,573.0,583.0,572.0
2021-11-17,570.75,575.25,584.0,570.0
2021-11-16,576.0,571.0,577.5,570.0
2021-11-15,576.25,576.5,578.75,569.75
2021-11-12,569.25,577.25,582.0,566.75
2021-11-11,567.75,569.5,579.0,566.0
2021-11-10,555.5,569.25,571.75,555.0
2021-11-09,551.0,554.75,564.0,547.75
2021-11-08,552.0,551.5,554.75,549.5
2021-11-05,560.0,553.0,562.75,552.25
2021-11-04,563.75,559.25,569.75,556.5
2021-11-03,572.0,564.0,573.25,563.0
2021-11-02,578.25,573.0,586.0,572.0
2021-11-01,568.0,579.0,582.0,565.25
2021-10-29,562.5,568.25,569.25,558.75
2021-10-28,556.5,562.75,568.75,554.0
2021-10-27,542.5,557.25,563.25,539.5
2021-10-26,538.0,543.5,547.25,533.0
2021-10-25,537.0,538.0,542.0,535.0
2021-10-22,533.0,538.0,540.0,532.0
2021-10-21,539.0,532.25,540.0,530.75
2021-10-20,530.0,539.25,540.0,528.5
2021-10-19,532.0,530.25,537.0,529.5
2021-10-18,525.75,532.75,533.75,523.0
2021-10-15,516.25,525.75,528.5,514.25
2021-10-14,512.25,516.75,518.25,511.0
2021-10-13,523.0,512.25,525.25,506.75
2021-10-12,532.75,522.5,533.0,519.25
2021-10-11,530.0,533.0,534.0,528.75
2021-10-08,533.25,530.5,538.75,530.0
2021-10-07,532.75,534.0,535.25,527.5
2021-10-06,537.0,532.25,544.75,531.5
2021-10-05,540.0,537.5,543.0,535.25
2021-10-04,540.0,540.75,547.5,536.0
2021-10-01,536.75,541.5,545.25,532.0
2021-09-30,539.0,536.75,548.5,527.25
2021-09-29,533.5,539.0,541.0,533.5
2021-09-28,538.75,532.5,541.75,532.0
2021-09-27,524.75,539.5,540.0,524.0
2021-09-24,528.5,526.75,528.75,524.0
2021-09-23,524.5,529.25,531.0,520.25
2021-09-22,517.0,525.5,526.25,516.0
2021-09-21,522.0,517.0,522.75,512.75
2021-09-20,527.0,521.75,527.0,515.25
2021-09-17,529.0,527.25,530.5,521.75
2021-09-16,533.5,529.5,537.5,528.0
2021-09-15,520.75,533.5,534.5,520.5
2021-09-14,497.0,503.0,503.0,497.0
2021-09-13,503.5,496.75,503.5,493.0
2021-09-10,499.0,502.75,505.0,487.75
2021-09-09,498.5,496.0,500.0,494.5
2021-09-08,497.5,498.25,504.0,495.0
2021-09-07,509.0,495.75,509.0,495.75
2021-09-03,516.75,508.0,518.25,506.75
2021-09-02,515.5,516.25,521.0,510.0
2021-09-01,534.0,515.5,535.0,514.25
2021-08-31,540.0,534.0,542.0,524.0
2021-08-30,557.25,540.25,560.0,531.5
2021-08-27,553.0,558.0,558.75,548.75
2021-08-26,550.0,552.75,555.75,548.0
2021-08-25,544.5,551.25,555.0,541.25
2021-08-24,539.5,544.5,546.5,537.0
2021-08-23,536.0,538.0,544.25,531.5
2021-08-20,550.25,538.75,554.25,533.25
2021-08-19,560.5,550.0,560.5,546.75
2021-08-18,559.0,561.75,563.5,556.5
2021-08-17,567.5,558.25,569.5,556.25
2021-08-16,568.25,564.75,572.0,561.0
2021-08-13,566.75,568.25,575.0,559.0
2021-08-12,554.75,567.0,589.5,548.5
2021-08-11,548.75,556.25,558.5,548.25
2021-08-10,548.5,549.25,550.25,544.0
2021-08-09,554.0,550.25,556.0,547.0
2021-08-06,555.0,555.0,560.5,548.75
2021-08-05,546.75,555.75,560.75,545.75
2021-08-04,550.5,545.75,555.25,540.25
2021-08-03,555.75,550.5,563.5,546.75
2021-08-02,547.25,558.75,559.25,540.25
2021-07-30,557.0,547.0,557.75,546.5
2021-07-29,549.25,558.0,559.0,546.5
2021-07-28,554.0,549.25,554.25,545.0
2021-07-27,554.0,548.75,564.0,544.25
2021-07-26,549.25,549.75,551.25,536.75
2021-07-23,564.75,547.25,569.25,544.5
2021-07-22,571.5,564.5,571.75,555.0
2021-07-21,572.0,571.75,579.0,567.75
2021-07-20,558.0,571.75,576.25,557.25
2021-07-19,570.0,556.0,571.5,548.75
2021-07-16,564.0,556.0,570.5,553.25
2021-07-15,568.5,564.25,571.5,561.0
2021-07-14,682.0,683.0,687.0,682.0
2021-07-13,669.5,677.0,750.5,664.0
2021-07-12,629.75,669.25,669.25,619.5
2021-07-09,640.75,629.75,643.5,620.0
2021-07-08,657.5,638.0,659.5,636.0
2021-07-07,656.0,652.5,666.0,645.0
2021-07-06,685.25,656.0,685.25,645.5
2021-07-02,720.0,697.25,727.0,683.0
2021-07-01,719.75,719.75,744.5,712.25
2021-06-30,694.0,720.0,743.25,675.5
2021-06-29,678.25,694.5,700.0,668.0
2021-06-28,637.75,675.5,676.5,636.75
2021-06-25,653.25,636.5,659.5,634.0
2021-06-24,664.0,653.25,664.0,650.75
2021-06-23,660.5,664.25,666.25,659.25
2021-06-22,662.75,659.75,668.0,653.75
2021-06-21,640.25,659.25,665.0,636.0
2021-06-18,631.0,655.25,663.5,629.5
2021-06-17,672.75,633.0,674.25,633.0
2021-06-16,670.0,673.0,687.75,663.75
2021-06-15,662.75,667.5,668.5,646.75
2021-06-14,675.75,659.25,676.25,653.0
2021-06-11,699.5,684.5,703.0,673.0
2021-06-10,691.0,699.0,717.5,687.75
2021-06-09,682.5,690.75,695.5,669.5
2021-06-08,682.0,680.0,698.0,677.5
2021-06-07,695.0,679.25,706.25,674.5
2021-06-04,663.5,682.75,685.75,660.75
2021-06-03,675.5,662.0,685.0,652.75
2021-06-02,683.25,675.0,694.25,666.0
2021-06-01,666.0,688.75,696.75,660.75
2021-05-28,666.25,656.75,672.75,651.25
2021-05-27,626.0,664.5,664.5,621.25
2021-05-26,621.0,624.5,629.0,602.75
2021-05-25,660.0,620.25,661.75,617.25
2021-05-24,652.25,657.25,658.5,645.5
2021-05-21,664.75,659.5,666.75,653.5
2021-05-20,662.25,664.5,671.25,656.5
2021-05-19,660.5,658.25,663.0,637.0
2021-05-18,653.5,658.25,669.5,652.5
2021-05-17,642.25,652.5,656.75,633.0
2021-05-14,717.25,685.0,718.75,685.0
2021-05-13,757.5,719.0,769.0,717.5
2021-05-12,764.25,757.5,769.25,750.0
2021-05-11,747.25,759.5,771.5,747.25
2021-05-10,766.75,748.0,770.5,744.75
2021-05-07,763.25,772.75,775.0,755.0
2021-05-06,761.0,759.5,768.0,746.25
2021-05-05,750.0,753.25,756.0,740.75
2021-05-04,732.0,744.75,758.25,730.0
2021-05-03,740.0,732.25,758.25,724.0
2021-04-30,702.5,740.0,746.25,699.25
2021-04-29,683.75,702.0,704.5,681.0
2021-04-28,697.75,686.25,720.5,676.25
2021-04-27,688.5,695.5,720.5,680.5
2021-04-26,661.0,680.5,680.5,661.0
2021-04-23,653.0,655.5,658.5,638.25
2021-04-22,624.25,650.5,650.5,623.5
2021-04-21,609.5,625.5,628.5,604.5
2021-04-20,593.0,606.5,611.75,592.75
2021-04-19,588.75,592.0,596.75,588.25
2021-04-16,590.5,585.5,594.75,583.25
2021-04-15,594.25,590.0,601.5,587.75
2021-04-14,579.75,594.0,597.75,578.75
2021-04-13,569.0,580.0,584.5,565.5
2021-04-12,577.75,569.0,586.0,567.25
2021-04-09,579.0,577.25,595.0,575.5
2021-04-08,560.75,579.75,583.0,559.25
2021-04-07,555.75,560.5,562.25,553.75
2021-04-06,553.75,554.25,561.5,552.25
2021-04-05,561.25,553.25,564.5,549.75
2021-04-01,575.0,559.75,585.0,556.5
2021-03-31,538.25,564.25,564.25,536.25
2021-03-30,546.25,539.25,547.5,533.75
2021-03-29,551.75,546.75,552.0,542.25
2021-03-26,546.5,552.5,554.0,544.0
2021-03-25,552.25,546.5,552.5,541.5
2021-03-24,551.0,553.25,553.75,548.25
2021-03-23,551.25,551.25,556.0,547.75
2021-03-22,558.0,549.0,558.75,546.75
2021-03-19,546.25,557.75,559.0,545.5
2021-03-18,556.75,546.5,558.0,545.25
2021-03-17,554.0,558.0,558.5,552.0
2021-03-16,549.5,554.25,555.5,546.75
2021-03-15,537.0,549.5,550.75,532.75
2021-03-12,545.0,549.25,551.5,544.5
2021-03-11,547.0,555.0,556.25,547.0
2021-03-10,564.5,547.75,564.5,547.5
2021-03-09,565.0,562.0,565.0,554.25
2021-03-08,565.25,565.0,571.25,557.0
2021-03-05,545.0,562.0,564.75,544.5
2021-03-04,550.25,546.25,554.25,546.0
2021-03-03,560.0,550.25,560.0,548.0
2021-03-02,547.25,560.75,564.0,542.0
2021-03-01,560.5,547.5,562.5,547.0
2021-02-26,554.5,555.5,556.5,546.25
2021-02-25,559.0,554.75,560.5,542.5
2021-02-24,553.5,559.25,560.75,552.0
2021-02-23,550.75,553.75,559.5,550.0
2021-02-22,544.25,551.0,551.5,543.5
2021-02-19,549.25,542.75,555.5,540.75
2021-02-18,552.75,550.25,554.5,548.0
2021-02-17,552.0,553.0,554.75,547.5
2021-02-16,547.0,552.25,552.75,538.5
2021-02-12,541.0,538.75,546.25,536.75
2021-02-11,532.25,541.0,546.5,524.75
2021-02-10,556.0,534.5,556.25,531.75
2021-02-09,565.0,556.25,574.25,545.0
2021-02-08,548.75,563.75,565.75,548.75
2021-02-05,548.5,548.5,552.25,545.5
2021-02-04,552.0,550.0,558.0,547.0
2021-02-03,543.25,552.0,552.5,536.5
2021-02-02,549.75,543.0,552.5,540.25
2021-02-01,549.0,549.25,555.75,539.0
2021-01-29,534.5,547.0,553.75,533.25
2021-01-28,533.25,534.5,550.5,529.0
2021-01-27,532.5,534.0,543.75,529.5
2021-01-26,513.0,532.25,534.25,508.0
2021-01-25,500.0,511.5,515.5,492.5
2021-01-22,522.5,500.5,522.75,499.25
2021-01-21,521.0,524.25,531.5,519.25
2021-01-20,525.0,522.0,526.5,512.75
2021-01-19,531.5,526.0,534.25,523.25
2021-01-15,534.0,531.5,536.5,527.75
2021-01-14,523.0,534.25,536.5,519.0
2021-01-13,524.0,524.5,541.5,522.25
2021-01-12,491.5,517.25,517.25,489.25
2021-01-11,496.5,492.25,500.5,490.25
2021-01-08,494.0,496.25,499.5,492.5
2021-01-07,495.0,494.0,496.0,487.25
2021-01-06,492.5,495.0,502.75,491.5
2021-01-05,484.5,491.75,496.0,482.5
2021-01-04,487.25,483.75,497.75,479.5
2020-12-31,474.0,484.0,485.75,473.0
2020-12-30,466.0,474.5,476.0,462.0
2020-12-29,455.75,466.0,467.25,453.5
2020-12-28,452.0,456.5,457.5,448.0
2020-12-24,446.75,451.0,451.5,446.5
2020-12-23,442.75,447.25,449.75,441.5
2020-12-22,440.0,443.5,444.25,437.25
2020-12-21,438.0,440.0,440.75,430.25
2020-12-18,432.25,437.5,438.5,432.0
2020-12-17,426.25,432.5,433.0,424.25
2020-12-16,425.25,427.25,429.25,423.75
2020-12-15,424.0,424.75,425.25,420.5
2020-12-14,424.75,419.25,429.75,419.25
2020-12-11,422.0,424.25,424.5,417.5
2020-12-10,422.0,420.25,425.75,420.0
2020-12-09,418.0,422.0,422.25,418.0
2020-12-08,418.75,417.0,419.0,415.5
2020-12-07,415.25,419.5,421.0,412.0
2020-12-04,422.25,417.0,422.75,415.75
2020-12-03,419.25,422.5,423.25,417.75
2020-12-02,414.5,419.0,419.75,409.0
2020-12-01,420.0,414.75,423.0,414.0
2020-11-30,427.5,419.75,430.5,418.25
2020-11-27,420.25,425.5,426.25,418.5
2020-11-25,426.0,420.0,427.5,420.0
2020-11-24,425.75,425.75,426.5,416.5
2020-11-23,427.5,426.5,429.75,423.5
2020-11-20,422.25,423.25,428.0,421.5
2020-11-19,424.5,422.5,425.5,418.75
2020-11-18,419.0,425.75,428.5,418.5
2020-11-17,417.5,420.25,422.0,417.25
2020-11-16,409.0,416.25,416.75,409.0
2020-11-13,407.5,410.5,413.25,403.75
2020-11-12,417.25,408.25,418.5,406.25
2020-11-11,422.5,417.25,428.0,416.25
2020-11-10,407.0,423.0,427.25,406.25
2020-11-09,405.75,407.5,410.0,401.75
2020-11-06,409.0,406.75,412.0,405.75
2020-11-05,405.0,409.25,417.25,404.0
2020-11-04,400.0,405.25,406.0,396.5
2020-11-03,396.25,401.0,403.25,395.25
2020-11-02,396.0,397.5,397.75,393.0
2020-10-30,397.25,398.5,400.0,394.25
2020-10-29,401.0,398.5,404.25,393.0
2020-10-28,415.0,401.5,415.25,400.5
2020-10-27,416.75,416.0,422.25,415.5
2020-10-26,419.25,417.75,419.75,412.75
2020-10-23,415.0,419.25,420.0,414.0
2020-10-22,413.75,416.25,419.0,410.75
2020-10-21,408.25,413.75,415.25,407.75
2020-10-20,404.25,408.75,409.75,403.5
2020-10-19,401.75,405.25,406.75,400.75
2020-10-16,403.25,402.0,409.0,401.75
2020-10-15,396.0,403.75,404.25,393.5
2020-10-14,391.0,396.5,397.5,388.0
2020-10-13,389.0,391.25,392.75,388.0
2020-10-12,395.5,389.0,399.25,387.25
2020-10-09,387.0,395.0,398.25,386.5
2020-10-08,389.0,387.0,394.5,386.5
2020-10-07,384.5,388.75,392.0,384.0
2020-10-06,378.5,385.0,389.25,378.5
2020-10-05,378.75,379.5,382.5,377.75
2020-10-02,381.5,379.75,383.25,377.25
2020-10-01,379.0,382.75,385.5,378.0
2020-09-30,364.25,379.0,382.75,362.0
2020-09-29,366.75,364.75,367.75,361.0
2020-09-28,364.25,366.75,369.75,360.5
2020-09-25,363.25,365.25,367.5,363.0
2020-09-24,368.0,363.5,368.25,363.0
2020-09-23,368.25,368.5,370.25,365.75
2020-09-22,369.75,369.25,373.25,365.75
2020-09-21,377.5,369.75,378.25,368.25
2020-09-18,374.25,378.5,379.25,373.25
2020-09-17,371.5,375.25,377.25,368.0
2020-09-16,365.5,371.75,372.0,361.75
2020-09-15,369.0,366.0,369.5,365.25
2020-09-14,366.75,357.5,366.75,357.5
2020-09-11,355.5,365.0,366.0,355.5
2020-09-10,349.75,357.25,357.75,349.75
2020-09-09,349.75,350.0,351.25,348.5
2020-09-08,348.0,351.0,353.0,346.0
2020-09-04,344.0,347.25,349.0,343.5
2020-09-03,349.75,344.5,350.0,343.75
2020-09-02,349.25,349.75,350.5,345.25
2020-09-01,347.75,349.5,350.0,343.25
2020-08-31,348.75,348.5,353.0,346.0
2020-08-28,343.25,346.0,347.75,340.75
2020-08-27,340.0,344.25,344.75,339.0
2020-08-26,340.25,340.5,341.25,337.25
2020-08-25,335.0,340.75,341.5,334.75
2020-08-24,328.0,331.75,332.5,327.5
2020-08-21,324.75,327.0,327.75,324.25
2020-08-20,324.25,324.5,325.75,320.75
2020-08-19,326.0,325.0,327.25,323.5
2020-08-18,330.0,327.0,332.0,325.75
2020-08-17,327.0,331.0,331.0,326.5
2020-08-14,324.5,324.5,325.25,321.5
2020-08-13,315.0,325.25,327.5,314.75
2020-08-12,311.25,314.5,315.0,308.0
2020-08-11,311.25,311.5,315.0,310.25
2020-08-10,307.5,310.5,311.75,307.5
2020-08-07,311.0,307.75,311.75,307.25
2020-08-06,310.5,311.25,312.75,309.5
2020-08-05,309.0,311.0,311.25,309.0
2020-08-04,316.5,308.25,316.75,308.25
2020-08-03,315.0,317.5,318.25,315.0
2020-07-31,315.75,316.0,317.5,314.5
2020-07-30,315.5,315.75,319.25,315.25
2020-07-29,320.0,315.5,321.5,315.25
2020-07-28,323.0,320.0,323.5,320.0
2020-07-27,325.25,325.0,327.5,323.25
2020-07-24,328.0,326.25,329.75,325.5
2020-07-23,327.25,328.0,329.5,325.0
2020-07-22,323.0,327.5,328.0,322.25
2020-07-21,327.75,322.75,327.75,322.0
2020-07-20,333.0,328.25,333.5,326.0
2020-07-17,330.25,333.0,334.75,330.25
2020-07-16,326.0,330.25,333.25,326.0
2020-07-15,326.0,326.25,328.75,322.75
2020-07-14,334.0,334.75,336.5,324.5
2020-07-13,337.25,334.0,337.25,332.0
2020-07-10,350.25,340.5,352.0,340.0
2020-07-09,349.0,351.25,356.5,348.25
2020-07-08,343.5,348.25,348.5,341.0
2020-07-07,347.5,345.0,347.5,341.75
2020-07-06,348.25,346.5,349.0,345.25
2020-07-02,347.5,342.5,350.25,342.25
2020-07-01,338.5,348.25,351.25,337.5
2020-06-30,325.25,338.5,342.0,323.75
2020-06-29,316.75,326.25,326.5,316.0
2020-06-26,317.0,317.0,319.75,313.5
2020-06-25,323.5,317.25,324.25,315.0
2020-06-24,324.5,324.25,329.0,323.75
2020-06-23,327.5,325.0,327.5,321.25
2020-06-22,332.0,328.25,332.25,328.0
2020-06-19,329.75,332.5,333.75,327.5
2020-06-18,329.75,331.0,333.75,328.75
2020-06-17,328.0,330.25,331.25,325.0
2020-06-16,331.75,329.0,334.5,328.0
2020-06-15,329.25,329.25,330.0,325.5
2020-06-12,329.5,330.0,333.0,328.25
2020-06-11,326.0,329.75,331.0,325.25
2020-06-10,327.25,326.25,328.0,324.25
2020-06-09,332.25,327.5,334.0,326.75
2020-06-08,333.5,333.75,334.75,331.0
2020-06-05,328.75,331.25,332.5,328.25
2020-06-04,324.25,329.0,329.5,324.0
2020-06-03,324.25,324.0,324.5,321.25
2020-06-02,323.5,324.25,325.25,322.0
2020-06-01,325.5,323.25,327.75,319.25
2020-05-29,327.5,325.75,329.5,323.25
2020-05-28,320.25,327.5,330.75,319.5
2020-05-27,320.0,320.5,321.75,319.25
2020-05-26,316.75,319.0,323.0,316.5
2020-05-22,317.75,318.0,319.0,316.0
2020-05-21,319.0,317.75,320.25,316.25
2020-05-20,321.25,319.5,321.5,317.25
2020-05-19,320.75,321.25,325.5,320.5
2020-05-18,320.0,320.75,322.0,318.0
2020-05-15,317.75,319.25,320.5,316.75
2020-05-14,320.25,320.25,320.25,320.25
2020-05-13,323.5,320.25,323.5,320.0
2020-05-12,318.75,323.75,324.5,312.75
2020-05-11,320.0,318.5,322.25,318.0
2020-05-08,317.75,319.0,321.75,317.5
2020-05-07,313.5,316.0,318.0,313.25
2020-05-06,315.0,311.75,315.0,311.0
2020-05-05,310.5,313.0,314.75,310.5
2020-05-04,309.5,310.75,310.75,305.5
2020-05-01,311.0,311.5,311.5,308.0
2020-04-30,305.25,311.5,313.0,303.5
2020-04-29,302.75,304.5,308.75,300.25
2020-04-28,305.0,302.75,308.5,301.25
2020-04-27,315.0,305.5,315.75,304.25
2020-04-24,319.25,315.75,320.75,312.0
2020-04-23,317.0,319.25,323.5,315.0
2020-04-22,310.0,317.5,320.25,308.25
2020-04-21,314.25,309.25,316.25,301.0
2020-04-20,322.5,314.25,323.25,313.5
2020-04-17,319.75,322.25,325.5,319.5
2020-04-16,318.75,319.75,323.0,317.75
2020-04-15,326.0,319.25,326.75,317.5
2020-04-14,331.25,326.0,332.0,325.75
2020-04-13,332.25,331.5,334.0,326.5
2020-04-09,330.75,331.75,333.5,328.0
2020-04-08,332.0,330.0,334.0,328.25
2020-04-07,328.0,331.5,335.5,328.0
2020-04-06,329.75,327.75,331.75,325.5
2020-04-03,334.5,330.75,338.5,328.0
2020-04-02,335.0,333.5,343.25,333.0
2020-04-01,341.25,334.75,342.75,333.5
2020-03-31,341.75,340.75,344.75,333.5
2020-03-30,343.0,341.25,346.75,340.0
2020-03-27,348.5,346.0,350.0,342.5
2020-03-26,348.25,348.75,349.25,343.75
2020-03-25,347.5,348.5,352.75,345.75
2020-03-24,343.5,347.25,350.5,338.0
2020-03-23,340.25,343.5,345.5,338.25
2020-03-20,346.5,343.75,356.75,342.25
2020-03-19,336.5,345.5,354.75,336.5
2020-03-18,344.0,335.25,345.25,332.0
2020-03-17,355.25,344.0,356.75,342.75
2020-03-16,362.5,354.75,367.75,354.0
2020-03-13,370.0,370.75,375.5,370.0
2020-03-12,377.5,369.75,377.5,367.0
2020-03-11,380.25,379.25,380.5,377.0
2020-03-10,379.0,380.0,381.5,377.5
2020-03-09,372.0,374.25,377.5,368.5
2020-03-06,383.75,377.25,385.5,377.0
2020-03-05,387.5,384.5,387.5,382.0
2020-03-04,382.0,387.0,388.5,380.0
2020-03-03,375.75,381.75,383.75,375.75
2020-03-02,366.5,374.75,375.75,366.0
2020-02-28,364.5,366.5,367.25,362.75
2020-02-27,369.75,364.5,370.0,361.75
2020-02-26,372.0,370.5,374.0,368.25
2020-02-25,373.0,372.5,374.75,371.25
2020-02-24,376.25,372.25,376.25,370.0
2020-02-21,378.25,377.0,380.5,376.25
2020-02-20,380.75,378.5,381.25,378.0
2020-02-19,382.25,380.5,382.75,378.5
2020-02-18,378.5,383.0,383.25,378.0
2020-02-14,379.5,377.75,381.5,376.25
2020-02-13,382.25,379.5,382.75,379.0
2020-02-12,379.75,383.0,383.75,378.25
2020-02-11,381.0,379.75,382.0,378.0
2020-02-10,383.25,381.75,383.5,379.0
2020-02-07,380.25,383.5,385.0,380.0
2020-02-06,380.25,379.25,381.75,376.0
2020-02-05,381.5,380.75,383.25,379.5
2020-02-04,378.25,382.25,383.5,378.25
2020-02-03,380.5,378.75,382.0,376.5
2020-01-31,381.5,381.25,382.75,378.75
2020-01-30,384.5,379.5,385.0,378.5
2020-01-29,385.5,384.25,388.25,382.75
2020-01-28,382.5,386.5,387.0,378.5
2020-01-27,384.25,380.5,384.75,377.25
2020-01-24,393.25,387.25,393.25,386.5
2020-01-23,388.5,393.75,394.0,387.5
2020-01-22,387.5,388.75,391.0,386.75
2020-01-21,389.0,387.5,389.25,384.25
2020-01-17,377.0,389.25,389.5,376.75
2020-01-16,387.25,375.5,387.75,375.25
2020-01-15,388.75,387.5,390.25,386.5
2020-01-14,389.25,389.0,390.5,388.25
2020-01-13,386.5,389.5,389.5,385.5
2020-01-10,383.25,385.75,386.75,376.5
2020-01-09,383.75,383.25,387.0,382.25
2020-01-08,384.0,384.25,385.5,382.25
2020-01-07,385.0,384.5,385.75,383.5
2020-01-06,386.25,384.75,387.75,382.75
2020-01-03,391.5,386.5,392.0,385.5
2020-01-02,387.75,391.5,392.0,387.25
2019-12-31,388.25,387.75,389.75,386.25
2019-12-30,389.25,388.25,392.0,386.75
2019-12-27,388.0,390.0,391.0,388.0
2019-12-26,388.0,388.5,389.0,386.5
2019-12-24,388.5,387.5,389.0,387.0
2019-12-23,388.0,388.75,390.25,387.25
2019-12-20,386.5,387.75,389.5,386.0
2019-12-19,387.0,386.5,389.0,385.0
2019-12-18,389.25,387.0,390.0,385.75
2019-12-17,387.5,390.0,390.5,386.25
2019-12-16,383.5,388.0,389.5,383.25
2019-12-13,373.75,366.25,374.5,366.25
2019-12-12,358.25,367.0,368.75,358.25
2019-12-11,363.0,357.75,363.0,357.0
2019-12-10,365.75,363.25,367.0,362.5
2019-12-09,366.5,365.75,368.0,365.0
2019-12-06,364.75,366.5,368.75,364.75
2019-12-05,368.5,365.5,369.75,365.25
2019-12-04,371.75,368.75,373.5,367.75
2019-12-03,373.75,372.0,376.0,371.5
2019-12-02,371.75,373.5,375.5,371.0
2019-11-29,365.75,371.25,372.25,365.0
2019-11-27,367.25,362.75,368.75,362.25
2019-11-26,369.75,367.5,370.5,367.0
2019-11-25,368.75,370.5,372.75,368.25
2019-11-22,368.0,368.75,370.25,367.5
2019-11-21,366.75,368.5,369.75,366.25
2019-11-20,369.75,366.75,370.5,365.75
2019-11-19,367.75,370.0,373.0,367.75
2019-11-18,371.0,367.75,371.75,367.5
2019-11-15,375.5,371.25,376.5,370.75
2019-11-14,375.25,375.75,377.5,374.5
2019-11-13,377.0,375.25,377.75,375.0
2019-11-12,373.5,377.75,378.0,372.75
2019-11-11,376.0,373.25,377.0,372.5
2019-11-08,375.25,377.25,383.75,372.5
2019-11-07,379.25,375.25,380.0,373.75
2019-11-06,382.25,378.75,385.0,377.5
2019-11-05,383.25,381.75,384.75,380.5
2019-11-04,386.75,383.25,387.75,383.0
2019-11-01,389.25,389.25,391.75,386.25
2019-10-31,390.25,390.0,391.0,384.75
2019-10-30,385.75,390.75,391.25,385.25
2019-10-29,383.5,386.25,387.5,382.0
2019-10-28,386.0,384.0,386.5,383.25
2019-10-25,387.0,386.75,390.0,385.75
2019-10-24,388.5,386.75,390.75,385.25
2019-10-23,387.75,387.75,389.5,384.0
2019-10-22,387.0,388.0,392.5,385.0
2019-10-21,390.0,387.25,393.75,386.5
2019-10-18,394.0,391.0,395.75,389.75
2019-10-17,391.75,394.75,397.25,391.5
2019-10-16,392.0,391.75,392.75,387.5
2019-10-15,397.0,393.25,398.5,392.5
2019-10-14,401.25,397.75,402.5,393.25
2019-10-11,380.75,397.75,398.75,380.5
2019-10-10,392.75,380.25,395.0,378.25
2019-10-09,395.5,394.25,397.25,393.0
2019-10-08,387.5,395.75,396.5,386.0
2019-10-07,387.5,387.0,387.75,385.0
2019-10-04,388.0,384.75,389.0,383.75
2019-10-03,387.0,388.75,390.75,385.5
2019-10-02,390.5,387.75,391.75,385.5
2019-10-01,386.75,392.5,392.75,385.25
2019-09-30,372.0,388.0,388.25,371.5
2019-09-27,371.25,371.5,373.0,369.75
2019-09-26,373.5,372.5,375.75,368.25
2019-09-25,375.25,374.25,377.5,372.25
2019-09-24,372.0,374.75,376.0,370.25
2019-09-23,371.25,373.25,374.5,371.0
2019-09-20,372.75,370.75,374.5,369.5
2019-09-19,371.5,372.75,373.75,369.5
2019-09-18,367.75,371.25,372.0,365.75
2019-09-17,374.0,368.0,374.25,366.0
2019-09-16,372.0,374.0,374.75,367.5
2019-09-13,358.5,355.5,358.5,355.5
2019-09-12,349.75,354.5,354.5,349.5
2019-09-11,349.75,348.25,349.75,344.75
2019-09-10,344.0,348.5,349.5,344.0
2019-09-09,343.25,340.75,343.25,340.0
2019-09-06,347.5,342.5,348.25,341.5
2019-09-05,346.5,346.5,349.5,346.5
2019-09-04,350.5,346.0,351.0,344.5
2019-09-03,358.75,349.75,359.0,349.0
2019-08-30,359.75,358.0,364.5,356.75
2019-08-29,363.0,359.75,369.0,357.5
2019-08-28,357.25,362.75,365.5,355.25
2019-08-27,359.0,357.0,360.0,356.75
2019-08-26,358.0,358.5,362.0,357.0
2019-08-23,362.75,359.75,363.0,357.5
2019-08-22,363.0,363.25,366.5,359.0
2019-08-21,360.0,362.5,364.0,357.0
2019-08-20,366.5,359.5,370.25,359.25
2019-08-19,367.25,365.0,368.25,363.25
2019-08-16,361.5,371.0,371.25,361.25
2019-08-15,360.25,360.75,363.75,358.25
2019-08-14,366.25,359.0,370.5,358.5
2019-08-13,379.0,366.0,379.0,365.5
2019-08-12,409.75,385.25,410.0,385.25
2019-08-09,410.75,410.25,417.0,407.25
2019-08-08,407.25,411.0,412.0,405.5
2019-08-07,404.75,406.5,407.5,400.5
2019-08-06,405.75,404.0,408.0,400.75
2019-08-05,400.0,405.25,406.75,391.0
2019-08-02,394.75,399.5,400.0,393.5
2019-08-01,401.75,392.75,403.0,387.25
2019-07-31,410.75,400.25,413.75,400.0
2019-07-30,417.0,411.25,417.0,410.25
2019-07-29,413.25,417.0,419.5,412.0
2019-07-26,418.25,414.5,419.5,413.0
2019-07-25,424.0,418.5,425.75,418.0
2019-07-24,425.0,424.0,430.5,421.5
2019-07-23,423.75,425.5,426.5,418.25
2019-07-22,430.75,422.25,432.25,421.0
2019-07-19,425.5,430.75,434.0,423.75
2019-07-18,435.0,424.5,436.0,423.25
2019-07-17,435.25,436.0,441.5,431.5
2019-07-16,437.75,435.25,440.75,429.0
2019-07-15,459.25,441.0,460.0,439.75
2019-07-12,447.75,449.5,457.0,447.75
2019-07-11,433.25,447.75,448.0,433.25
2019-07-10,430.0,434.25,434.75,428.0
2019-07-09,437.25,431.75,437.75,429.25
2019-07-08,440.75,438.5,442.75,432.0
2019-07-05,433.0,434.0,435.5,427.0
2019-07-03,417.0,433.0,433.75,417.0
2019-07-02,412.5,413.5,415.5,408.25
2019-07-01,424.25,412.0,424.75,410.25
2019-06-28,439.0,420.25,455.0,411.0
2019-06-27,443.0,440.0,445.5,438.5
2019-06-26,447.0,443.25,447.25,440.75
2019-06-25,451.0,447.5,453.0,446.5
2019-06-24,442.25,446.75,447.75,440.25
2019-06-21,452.0,442.25,454.0,441.75
2019-06-20,441.5,450.0,450.75,436.5
2019-06-19,449.75,441.0,451.75,438.25
2019-06-18,455.5,449.75,458.0,442.75
2019-06-17,458.25,454.75,464.25,450.5
2019-06-14,442.0,453.0,457.25,441.75
2019-06-13,429.75,442.0,442.75,429.5
2019-06-12,427.75,430.0,434.5,424.0
2019-06-11,415.0,427.75,430.25,408.25
2019-06-10,413.0,415.75,416.5,409.0
2019-06-07,421.0,415.75,423.5,415.0
2019-06-06,414.5,420.5,421.5,407.0
2019-06-05,424.25,414.75,424.75,412.25
2019-06-04,435.0,425.25,436.0,421.25
2019-06-03,426.25,424.25,430.75,418.25
2019-05-31,435.0,427.0,437.5,423.25
2019-05-30,416.5,436.25,436.75,413.25
2019-05-29,429.25,418.75,438.0,412.25
2019-05-28,408.0,420.25,421.0,407.5
2019-05-24,390.5,404.25,404.75,389.75
2019-05-23,394.0,389.75,399.0,387.0
2019-05-22,393.25,394.5,396.5,386.25
2019-05-21,393.25,394.25,399.0,391.25
2019-05-20,386.0,389.0,391.5,385.75
2019-05-17,380.0,383.25,384.75,380.0
2019-05-16,368.75,379.0,380.75,368.75
2019-05-15,369.0,369.5,380.0,368.0
2019-05-14,354.25,360.5,360.75,353.5
2019-05-13,335.5,347.5,348.25,335.5
2019-05-10,346.5,342.5,346.5,338.25
2019-05-09,350.0,344.5,350.0,344.0
2019-05-08,356.5,355.25,356.5,353.25
2019-05-07,357.0,358.0,359.25,355.0
2019-05-06,352.5,355.75,356.0,349.0
2019-05-03,362.25,363.0,363.25,360.25
2019-05-02,361.0,362.0,362.25,358.5
2019-05-01,353.5,360.0,360.5,353.5
2019-04-30,352.25,353.25,354.0,349.25
2019-04-29,353.25,352.0,356.0,351.25
2019-04-26,347.25,351.25,353.5,347.0
2019-04-25,346.0,347.5,351.0,342.25
2019-04-24,351.0,346.75,352.5,345.5
2019-04-23,354.75,351.25,355.0,350.25
2019-04-22,359.0,354.75,359.0,354.25
2019-04-18,358.0,358.5,359.25,357.0
2019-04-17,358.25,358.25,360.0,356.75
2019-04-16,362.5,359.0,362.5,357.25
2019-04-15,361.25,362.75,364.25,361.0
2019-04-12,360.25,361.0,361.5,358.5
2019-04-11,361.25,360.0,363.0,358.5
2019-04-10,360.25,361.75,362.75,360.0
2019-04-09,359.75,360.0,362.25,355.25
2019-04-08,362.25,360.0,363.5,359.5
2019-04-05,364.5,362.5,364.75,360.5
2019-04-04,362.75,365.25,366.25,362.75
2019-04-03,361.25,362.75,364.75,360.5
2019-04-02,362.25,361.5,363.5,359.25
2019-04-01,356.5,361.75,363.0,356.5
2019-03-29,373.75,356.5,375.0,356.0
2019-03-28,373.75,374.0,374.75,372.0
2019-03-27,376.75,373.75,377.0,372.0
2019-03-26,379.25,377.25,380.5,375.5
2019-03-25,378.75,379.75,380.75,376.75
2019-03-22,375.75,378.25,380.75,375.5
2019-03-21,371.0,376.25,377.5,370.5
2019-03-20,371.5,371.5,372.5,368.75
2019-03-19,372.0,371.25,373.75,367.75
2019-03-18,374.0,371.5,375.5,370.25
2019-03-15,369.25,373.25,373.75,369.0
2019-03-14,360.25,361.5,363.25,360.0
2019-03-13,357.25,357.25,359.5,355.0
2019-03-12,353.25,356.5,357.75,352.75
2019-03-11,357.5,352.5,357.5,352.5
2019-03-08,357.75,354.75,358.25,354.0
2019-03-07,362.25,356.0,362.25,355.75
2019-03-06,366.0,362.5,366.0,361.0
2019-03-05,366.0,366.0,367.25,364.75
2019-03-04,365.25,365.0,368.0,364.5
2019-03-01,361.75,364.0,364.0,357.5
2019-02-28,363.75,362.0,364.75,361.25
2019-02-27,366.0,363.75,368.25,362.5
2019-02-26,370.75,366.25,371.25,365.5
2019-02-25,377.75,370.5,378.5,370.0
2019-02-22,374.75,375.25,377.75,374.5
2019-02-21,371.0,375.5,378.5,370.5
2019-02-20,371.5,370.75,373.5,368.5
2019-02-19,374.25,369.75,376.25,369.0
2019-02-15,374.75,374.75,376.5,373.0
2019-02-14,378.75,374.75,379.0,374.0
2019-02-13,377.5,378.75,379.0,376.25
2019-02-12,373.5,378.25,378.75,373.0
2019-02-11,374.5,372.75,375.0,371.75
2019-02-08,376.5,374.25,381.75,374.0
2019-02-07,379.75,376.5,380.25,376.25
2019-02-06,380.5,380.0,380.75,379.0
2019-02-05,379.5,380.75,381.25,377.0
2019-02-04,377.75,379.25,379.75,376.5
2019-02-01,376.5,378.25,380.75,376.5
2019-01-31,381.0,376.5,381.5,375.75
2019-01-30,377.75,381.25,381.5,377.5
2019-01-29,379.75,377.25,380.75,376.0
2019-01-28,379.5,379.75,381.0,378.0
2019-01-25,377.0,380.25,380.5,376.0
2019-01-24,378.75,377.0,379.75,375.75
2019-01-23,379.5,378.75,381.75,378.0
2019-01-22,380.75,379.0,382.25,376.75
2019-01-18,379.75,381.75,383.0,377.75
2019-01-17,374.0,380.0,381.5,373.75
2019-01-16,372.75,374.0,375.0,372.5
2019-01-15,379.5,371.25,381.0,371.0
2019-01-14,378.5,378.5,381.0,377.0
2019-01-11,377.0,378.25,379.25,376.75
2019-01-10,381.5,376.25,382.75,376.0
2019-01-09,380.5,382.0,383.5,380.5
2019-01-08,382.5,380.0,384.5,379.0
2019-01-07,382.25,382.25,384.0,381.75
2019-01-04,380.0,383.0,383.5,379.75
2019-01-03,375.5,379.75,380.5,374.75
2019-01-02,375.25,375.75,377.75,374.0
2018-12-31,375.5,375.0,377.0,372.75
2018-12-28,374.5,375.5,377.5,374.5
2018-12-27,373.25,374.5,376.5,373.25
2018-12-26,378.25,373.25,379.25,372.5
2018-12-24,378.25,377.75,379.0,375.25
2018-12-21,375.5,378.5,379.5,374.75
2018-12-20,381.75,375.25,382.75,375.0
2018-12-19,385.0,381.75,385.25,381.5
2018-12-14,378.0,376.75,379.0,376.75
2018-12-13,375.0,375.5,377.5,374.0
2018-12-12,375.5,376.25,378.0,375.5
2018-12-11,373.75,375.0,376.5,372.75
2018-12-10,374.25,374.25,376.0,372.75
2018-12-07,371.75,374.0,374.75,371.5
2018-12-06,374.0,372.0,374.5,369.25
2018-12-04,370.0,374.25,374.25,369.5
2018-12-03,372.75,371.25,374.0,369.5
2018-11-30,360.75,366.5,366.75,360.5
2018-11-29,360.5,360.25,363.0,359.0
2018-11-28,356.25,360.5,361.5,356.0
2018-11-27,356.0,356.5,358.5,355.5
2018-11-26,359.5,356.0,360.5,355.25
2018-11-23,361.0,359.0,361.75,358.75
2018-11-21,361.25,361.75,363.25,360.0
2018-11-20,362.75,361.25,363.5,361.25
2018-11-19,364.75,362.25,366.25,361.25
2018-11-16,367.25,364.75,368.75,363.25
2018-11-15,366.75,367.5,371.75,366.5
2018-11-14,366.0,367.0,368.0,365.75
2018-11-13,369.5,366.5,370.75,365.5
2018-11-12,369.0,371.25,372.5,368.0
2018-11-09,372.75,369.75,374.0,368.25
2018-11-08,372.0,373.5,379.0,366.0
2018-11-07,372.25,372.25,373.25,371.0
2018-11-06,373.75,373.25,374.5,372.0
2018-11-05,371.0,374.0,374.25,369.5
2018-11-02,366.25,371.25,373.0,365.25
2018-11-01,363.25,366.75,371.0,363.0
2018-10-31,364.75,363.25,365.25,362.5
2018-10-30,366.75,364.75,368.0,364.25
2018-10-29,368.0,366.75,371.5,365.5
2018-10-26,361.75,367.75,369.75,361.75
2018-10-25,367.75,361.0,368.25,360.5
2018-10-24,369.5,368.25,369.75,367.75
2018-10-23,369.25,370.25,372.5,368.0
2018-10-22,365.5,369.5,370.5,365.5
2018-10-19,370.5,367.0,371.0,366.0
2018-10-18,373.0,370.75,373.25,369.5
2018-10-17,375.0,374.25,376.25,373.25
2018-10-16,377.25,375.25,377.5,373.5
2018-10-15,373.0,378.25,378.5,371.75
2018-10-12,369.0,373.75,374.0,368.5
2018-10-11,362.0,369.25,373.0,360.25
2018-10-10,364.5,362.75,365.25,362.0
2018-10-09,366.5,364.5,368.0,363.75
2018-10-08,368.5,366.5,369.5,364.25
2018-10-05,367.5,368.25,369.5,363.0
2018-10-04,364.75,367.5,368.5,364.75
2018-10-03,367.75,364.75,369.0,364.5
2018-10-02,365.0,367.5,369.0,363.25
2018-10-01,356.75,365.75,366.5,356.5
2018-09-28,364.5,356.25,366.75,354.5
2018-09-27,363.0,364.75,365.75,361.25
2018-09-26,363.5,363.0,364.75,361.25
2018-09-25,360.25,363.75,364.25,357.5
2018-09-24,357.25,360.5,362.0,355.75
2018-09-21,352.5,357.25,357.75,352.25
2018-09-20,345.25,352.5,356.25,344.75
2018-09-19,343.0,345.75,346.75,343.0
2018-09-18,348.0,343.25,348.75,342.5
2018-09-17,351.0,348.0,351.75,347.75
2018-09-14,338.5,337.0,338.75,337.0
2018-09-13,344.5,336.25,344.5,336.25
2018-09-12,354.25,341.5,354.5,340.5
2018-09-11,357.25,355.25,357.25,354.75
2018-09-10,353.25,355.5,356.0,353.0
2018-09-07,352.75,354.25,355.75,351.0
2018-09-06,353.5,353.5,354.5,350.75
2018-09-05,356.0,351.75,356.0,351.0
2018-09-04,351.5,354.5,355.25,347.25
2018-08-31,341.0,351.0,352.0,340.75
2018-08-30,341.5,341.0,344.0,340.5
2018-08-29,341.0,341.25,344.0,340.25
2018-08-28,345.75,341.0,347.75,340.75
2018-08-27,348.5,346.75,348.75,343.0
2018-08-24,346.5,348.5,350.0,346.25
2018-08-23,353.0,346.75,355.0,346.25
2018-08-22,359.25,352.5,359.25,352.25
2018-08-21,362.75,359.75,363.75,358.5
2018-08-20,365.25,362.0,366.0,359.5
2018-08-17,365.0,364.25,367.75,361.75
2018-08-16,361.5,365.25,367.5,360.5
2018-08-15,362.25,361.5,363.5,359.0
2018-08-14,356.5,362.25,363.0,356.5
2018-08-13,357.5,356.5,358.0,352.25
2018-08-10,368.5,357.75,369.75,357.0
2018-08-09,371.0,369.25,372.75,366.5
2018-08-08,370.5,371.25,373.75,370.0
2018-08-07,371.0,370.75,373.25,368.75
2018-08-06,370.0,371.0,371.75,368.25
2018-08-03,366.75,369.75,371.25,364.75
2018-08-02,365.0,366.75,372.75,364.75
2018-08-01,372.0,365.0,373.0,364.0
2018-07-31,367.0,372.25,374.25,366.25
2018-07-30,364.0,367.25,369.25,363.5
2018-07-27,361.0,362.0,363.75,359.5
2018-07-26,361.0,361.5,365.75,360.25
2018-07-25,352.25,359.25,360.0,352.0
2018-07-24,355.25,352.0,356.5,351.5
2018-07-23,356.0,357.25,358.5,354.5
2018-07-20,351.25,355.25,355.75,349.75
2018-07-19,347.0,351.25,352.0,345.0
2018-07-18,346.25,347.25,349.0,346.0
2018-07-17,345.0,346.25,348.75,344.25
2018-07-16,340.0,341.75,345.75,338.75
2018-07-13,332.25,330.25,332.5,330.25
2018-07-12,332.25,336.5,340.75,329.75
2018-07-11,336.0,331.25,337.0,331.25
2018-07-10,344.25,339.75,344.75,336.25
2018-07-09,346.0,345.75,348.5,343.25
2018-07-06,342.0,351.75,352.25,342.0
2018-07-05,345.5,343.5,348.75,342.25
2018-07-03,340.25,342.75,345.25,339.25
2018-07-02,352.25,337.5,352.25,337.0
2018-06-29,345.75,350.25,355.5,345.5
2018-06-28,351.5,345.0,352.5,344.5
2018-06-27,352.0,352.5,356.5,351.5
2018-06-26,350.5,352.5,355.5,348.0
2018-06-25,358.5,350.5,359.5,349.25
2018-06-22,358.0,357.25,359.75,355.0
2018-06-21,354.25,357.0,359.0,349.25
2018-06-20,354.0,354.25,357.0,347.5
2018-06-19,355.75,353.75,357.75,338.75
2018-06-18,359.5,356.0,362.0,354.0
2018-06-15,374.0,361.25,374.75,355.25
2018-06-14,374.0,363.0,374.75,362.5
2018-06-13,377.5,376.0,379.75,373.25
2018-06-12,368.0,377.5,379.5,367.25
2018-06-11,376.5,367.25,379.0,366.75
2018-06-08,376.25,377.75,379.0,373.5
2018-06-07,379.0,376.25,382.0,374.25
2018-06-06,384.25,378.25,386.5,378.0
2018-06-05,380.75,383.75,385.25,380.0
2018-06-04,389.75,380.75,389.75,380.5
2018-06-01,393.75,391.5,397.0,390.75
2018-05-31,393.5,394.0,398.5,393.25
2018-05-30,398.25,393.5,398.5,390.75
2018-05-29,408.75,400.0,410.0,397.5
2018-05-25,404.0,406.0,406.75,403.25
2018-05-24,408.25,404.25,412.25,403.75
2018-05-23,404.5,408.5,409.0,403.0
2018-05-22,402.25,404.75,407.0,401.0
2018-05-21,405.5,402.75,407.5,401.25
2018-05-18,395.25,402.5,403.5,395.0
2018-05-17,399.0,395.25,402.0,395.0
2018-05-16,401.75,399.25,404.75,398.0
2018-05-15,396.25,402.25,402.5,396.0
2018-05-14,388.5,389.0,389.0,387.5
2018-05-11,394.0,389.75,394.75,389.75
2018-05-10,395.5,394.75,399.75,393.25
2018-05-09,396.25,394.75,397.0,394.0
2018-05-08,392.75,395.5,396.0,391.25
2018-05-07,397.25,393.25,397.25,393.25
2018-05-04,399.5,398.75,400.0,397.5
2018-05-03,396.0,399.5,399.5,395.0
2018-05-02,396.25,396.0,397.25,395.0
2018-05-01,393.0,396.75,397.0,391.5
2018-04-30,390.75,392.5,395.75,390.5
2018-04-27,385.25,389.5,390.5,385.25
2018-04-26,386.0,386.0,387.0,384.0
2018-04-25,381.0,386.5,387.25,380.5
2018-04-24,378.5,381.25,381.5,377.0
2018-04-23,376.5,378.5,379.25,376.25
2018-04-20,381.25,376.5,381.75,376.25
2018-04-19,382.75,382.0,383.5,380.75
2018-04-18,380.75,383.0,383.5,380.0
2018-04-17,383.0,380.25,384.5,379.75
